{
  "project_info": {
    "project_number": "260483917754",
    "firebase_url": "https://yaswanth-dd726.firebaseio.com",
    "project_id": "yaswanth-dd726",
    "storage_bucket": "yaswanth-dd726.appspot.com"
  },
  "client": [
    {
      "client_info": {
        "mobilesdk_app_id": "1:260483917754:android:5784170c34f5ae8a",
        "android_client_info": {
          "package_name": "com.example.yashwanth.myapplication"
        }
      },
      "oauth_client": [
        {
          "client_id": "260483917754-lck0tb8387me2beamk7d4up12uauh4st.apps.googleusercontent.com",
          "client_type": 1,
          "android_info": {
            "package_name": "com.example.yashwanth.myapplication",
            "certificate_hash": "acfa2926c3cd9386ec494c243302bef3624f8d80"
          }
        },
        {
          "client_id": "260483917754-mpqe7joadgmt6a09ds56jk5cdugpt2jl.apps.googleusercontent.com",
          "client_type": 3
        }
      ],
      "api_key": [
        {
          "current_key": "AIzaSyAZUoNdJyXAaGrbVtgOM9WADkJyHadN0Xs"
        }
      ],
      "services": {
        "analytics_service": {
          "status": 1
        },
        "appinvite_service": {
          "status": 2,
          "other_platform_oauth_client": [
            {
              "client_id": "260483917754-mpqe7joadgmt6a09ds56jk5cdugpt2jl.apps.googleusercontent.com",
              "client_type": 3
            }
          ]
        },
        "ads_service": {
          "status": 2
        }
      }
    }
  ],
  "configuration_version": "1"
}